"region","quintil_riqueza","n","valor","peso_muestral","indicador","indicador_label","tipo_indicador","unidad"
"AMBA","Más pobre",188,0.616078911331582,453.154637705402,"prop_tiene_libros","Tiene al menos un libro","proporcion","porcentaje"
"AMBA","Segundo",233,0.646639349663608,609.693016267863,"prop_tiene_libros","Tiene al menos un libro","proporcion","porcentaje"
"AMBA","Medio",156,0.681756838847393,300.026205495926,"prop_tiene_libros","Tiene al menos un libro","proporcion","porcentaje"
"AMBA","Cuarto",159,0.733091897109056,224.576736170186,"prop_tiene_libros","Tiene al menos un libro","proporcion","porcentaje"
"AMBA","Más rico",210,0.871581633798955,319.652337025592,"prop_tiene_libros","Tiene al menos un libro","proporcion","porcentaje"
"Cuyo","Más pobre",159,0.414870890195005,84.9774235846898,"prop_tiene_libros","Tiene al menos un libro","proporcion","porcentaje"
"Cuyo","Segundo",187,0.657713834982691,93.3976431939389,"prop_tiene_libros","Tiene al menos un libro","proporcion","porcentaje"
"Cuyo","Medio",258,0.587215625952055,112.572624788041,"prop_tiene_libros","Tiene al menos un libro","proporcion","porcentaje"
"Cuyo","Cuarto",218,0.775783609823446,86.8581329022464,"prop_tiene_libros","Tiene al menos un libro","proporcion","porcentaje"
"Cuyo","Más rico",209,0.761747150268173,72.5058690416913,"prop_tiene_libros","Tiene al menos un libro","proporcion","porcentaje"
"NEA","Más pobre",662,0.318870048681254,386.626843039464,"prop_tiene_libros","Tiene al menos un libro","proporcion","porcentaje"
"NEA","Segundo",327,0.580425593552249,156.665508326279,"prop_tiene_libros","Tiene al menos un libro","proporcion","porcentaje"
"NEA","Medio",171,0.725812372478066,64.250803191633,"prop_tiene_libros","Tiene al menos un libro","proporcion","porcentaje"
"NEA","Cuarto",15,0.901904309601078,3.49509684219432,"prop_tiene_libros","Tiene al menos un libro","proporcion","porcentaje"
"NEA","Más rico",1,1,0.250470116448621,"prop_tiene_libros","Tiene al menos un libro","proporcion","porcentaje"
"NOA","Más pobre",340,0.308501013098686,332.718667858755,"prop_tiene_libros","Tiene al menos un libro","proporcion","porcentaje"
"NOA","Segundo",196,0.571754327366825,190.744546393161,"prop_tiene_libros","Tiene al menos un libro","proporcion","porcentaje"
"NOA","Medio",183,0.778324237603884,184.349375588006,"prop_tiene_libros","Tiene al menos un libro","proporcion","porcentaje"
"NOA","Cuarto",115,0.81374825805499,81.3446472429268,"prop_tiene_libros","Tiene al menos un libro","proporcion","porcentaje"
"NOA","Más rico",56,0.714266106730245,41.9573478743609,"prop_tiene_libros","Tiene al menos un libro","proporcion","porcentaje"
"Pampeana","Más pobre",302,0.531970453441252,660.917720887729,"prop_tiene_libros","Tiene al menos un libro","proporcion","porcentaje"
"Pampeana","Segundo",275,0.617685442731395,465.072149097583,"prop_tiene_libros","Tiene al menos un libro","proporcion","porcentaje"
"Pampeana","Medio",294,0.711182172305871,399.161896780804,"prop_tiene_libros","Tiene al menos un libro","proporcion","porcentaje"
"Pampeana","Cuarto",236,0.794657363845443,272.868288062226,"prop_tiene_libros","Tiene al menos un libro","proporcion","porcentaje"
"Pampeana","Más rico",294,0.906903481478643,261.978902978016,"prop_tiene_libros","Tiene al menos un libro","proporcion","porcentaje"
"Patagonia","Más pobre",37,0.175351350107589,18.0915269595773,"prop_tiene_libros","Tiene al menos un libro","proporcion","porcentaje"
"Patagonia","Segundo",56,0.410774684407927,30.8075825211674,"prop_tiene_libros","Tiene al menos un libro","proporcion","porcentaje"
"Patagonia","Medio",177,0.582344939387988,77.97698656067,"prop_tiene_libros","Tiene al menos un libro","proporcion","porcentaje"
"Patagonia","Cuarto",265,0.667334052346072,107.053012625576,"prop_tiene_libros","Tiene al menos un libro","proporcion","porcentaje"
"Patagonia","Más rico",175,0.852976284026164,62.7669085114931,"prop_tiene_libros","Tiene al menos un libro","proporcion","porcentaje"
"AMBA","Más pobre",188,3.04127980697289,453.154637705402,"media_libros","Media de libros","media","libros"
"AMBA","Segundo",233,3.7511027409675,609.693016267863,"media_libros","Media de libros","media","libros"
"AMBA","Medio",156,3.55990502834371,300.026205495926,"media_libros","Media de libros","media","libros"
"AMBA","Cuarto",159,5.30446318330746,224.576736170186,"media_libros","Media de libros","media","libros"
"AMBA","Más rico",210,6.89433685598986,319.652337025592,"media_libros","Media de libros","media","libros"
"Cuyo","Más pobre",159,1.72842712752118,84.9774235846898,"media_libros","Media de libros","media","libros"
"Cuyo","Segundo",187,3.16207837103242,93.3976431939389,"media_libros","Media de libros","media","libros"
"Cuyo","Medio",258,3.27260916764896,112.572624788041,"media_libros","Media de libros","media","libros"
"Cuyo","Cuarto",218,4.78384300963563,86.8581329022464,"media_libros","Media de libros","media","libros"
"Cuyo","Más rico",209,5.2496231164858,72.5058690416913,"media_libros","Media de libros","media","libros"
"NEA","Más pobre",662,1.27387059328104,386.626843039464,"media_libros","Media de libros","media","libros"
"NEA","Segundo",327,2.64516499870142,156.665508326279,"media_libros","Media de libros","media","libros"
"NEA","Medio",171,4.45071231168005,64.250803191633,"media_libros","Media de libros","media","libros"
"NEA","Cuarto",15,5.09906033304135,3.49509684219432,"media_libros","Media de libros","media","libros"
"NEA","Más rico",1,10,0.250470116448621,"media_libros","Media de libros","media","libros"
"NOA","Más pobre",340,1.04834936675396,332.718667858755,"media_libros","Media de libros","media","libros"
"NOA","Segundo",196,3.0948401122102,190.744546393161,"media_libros","Media de libros","media","libros"
"NOA","Medio",183,4.98826608084454,184.349375588006,"media_libros","Media de libros","media","libros"
"NOA","Cuarto",115,5.56504589707653,81.3446472429268,"media_libros","Media de libros","media","libros"
"NOA","Más rico",56,4.61917375445503,41.9573478743609,"media_libros","Media de libros","media","libros"
"Pampeana","Más pobre",302,2.7952929585262,660.917720887729,"media_libros","Media de libros","media","libros"
"Pampeana","Segundo",275,3.37874608019027,465.072149097583,"media_libros","Media de libros","media","libros"
"Pampeana","Medio",294,4.35243189417893,399.161896780804,"media_libros","Media de libros","media","libros"
"Pampeana","Cuarto",236,5.09535243977582,272.868288062226,"media_libros","Media de libros","media","libros"
"Pampeana","Más rico",294,6.62295843031325,261.978902978016,"media_libros","Media de libros","media","libros"
"Patagonia","Más pobre",37,0.615479797924558,18.0915269595773,"media_libros","Media de libros","media","libros"
"Patagonia","Segundo",56,2.16992133509402,30.8075825211674,"media_libros","Media de libros","media","libros"
"Patagonia","Medio",177,2.99170426154281,77.97698656067,"media_libros","Media de libros","media","libros"
"Patagonia","Cuarto",265,4.20477467261894,107.053012625576,"media_libros","Media de libros","media","libros"
"Patagonia","Más rico",175,5.68750249268896,62.7669085114931,"media_libros","Media de libros","media","libros"
"AMBA","Más pobre",188,0.71450108243349,453.154637705402,"prop_juguetes_caseros","Juguetes caseros","proporcion","porcentaje"
"AMBA","Segundo",232,0.717459608628976,608.635453851675,"prop_juguetes_caseros","Juguetes caseros","proporcion","porcentaje"
"AMBA","Medio",156,0.761151162089468,300.026205495926,"prop_juguetes_caseros","Juguetes caseros","proporcion","porcentaje"
"AMBA","Cuarto",159,0.657800224583623,224.576736170186,"prop_juguetes_caseros","Juguetes caseros","proporcion","porcentaje"
"AMBA","Más rico",210,0.812310104166141,319.652337025592,"prop_juguetes_caseros","Juguetes caseros","proporcion","porcentaje"
"Cuyo","Más pobre",156,0.661799035100946,81.6239035148415,"prop_juguetes_caseros","Juguetes caseros","proporcion","porcentaje"
"Cuyo","Segundo",187,0.727741226602517,93.3976431939389,"prop_juguetes_caseros","Juguetes caseros","proporcion","porcentaje"
"Cuyo","Medio",258,0.692086234423419,112.572624788041,"prop_juguetes_caseros","Juguetes caseros","proporcion","porcentaje"
"Cuyo","Cuarto",218,0.849761307326,86.8581329022464,"prop_juguetes_caseros","Juguetes caseros","proporcion","porcentaje"
"Cuyo","Más rico",209,0.720194463507934,72.5058690416913,"prop_juguetes_caseros","Juguetes caseros","proporcion","porcentaje"
"NEA","Más pobre",660,0.665541185895258,384.712033782539,"prop_juguetes_caseros","Juguetes caseros","proporcion","porcentaje"
"NEA","Segundo",325,0.633192022580837,155.819504016373,"prop_juguetes_caseros","Juguetes caseros","proporcion","porcentaje"
"NEA","Medio",171,0.667229461855492,64.250803191633,"prop_juguetes_caseros","Juguetes caseros","proporcion","porcentaje"
"NEA","Cuarto",15,0.612461768855141,3.49509684219432,"prop_juguetes_caseros","Juguetes caseros","proporcion","porcentaje"
"NEA","Más rico",1,1,0.250470116448621,"prop_juguetes_caseros","Juguetes caseros","proporcion","porcentaje"
"NOA","Más pobre",339,0.582241882655681,331.577901764993,"prop_juguetes_caseros","Juguetes caseros","proporcion","porcentaje"
"NOA","Segundo",195,0.636071857728548,187.41787435007,"prop_juguetes_caseros","Juguetes caseros","proporcion","porcentaje"
"NOA","Medio",183,0.655746440618399,184.349375588006,"prop_juguetes_caseros","Juguetes caseros","proporcion","porcentaje"
"NOA","Cuarto",114,0.56254981404938,80.6842963711698,"prop_juguetes_caseros","Juguetes caseros","proporcion","porcentaje"
"NOA","Más rico",56,0.655649295672115,41.9573478743609,"prop_juguetes_caseros","Juguetes caseros","proporcion","porcentaje"
"Pampeana","Más pobre",301,0.808829370621205,658.870318975858,"prop_juguetes_caseros","Juguetes caseros","proporcion","porcentaje"
"Pampeana","Segundo",275,0.824133607537308,465.072149097583,"prop_juguetes_caseros","Juguetes caseros","proporcion","porcentaje"
"Pampeana","Medio",292,0.780127931697497,395.78354794703,"prop_juguetes_caseros","Juguetes caseros","proporcion","porcentaje"
"Pampeana","Cuarto",236,0.729873647727481,272.868288062226,"prop_juguetes_caseros","Juguetes caseros","proporcion","porcentaje"
"Pampeana","Más rico",293,0.755123822504936,261.69474780994,"prop_juguetes_caseros","Juguetes caseros","proporcion","porcentaje"
"Patagonia","Más pobre",37,0.503379698162598,18.0915269595773,"prop_juguetes_caseros","Juguetes caseros","proporcion","porcentaje"
"Patagonia","Segundo",58,0.611351941283244,31.1174914127922,"prop_juguetes_caseros","Juguetes caseros","proporcion","porcentaje"
"Patagonia","Medio",176,0.55709656402904,77.9033602018088,"prop_juguetes_caseros","Juguetes caseros","proporcion","porcentaje"
"Patagonia","Cuarto",264,0.628747885371883,105.377846124532,"prop_juguetes_caseros","Juguetes caseros","proporcion","porcentaje"
"Patagonia","Más rico",176,0.609719424219514,62.9440919862088,"prop_juguetes_caseros","Juguetes caseros","proporcion","porcentaje"
"AMBA","Más pobre",188,0.931924276606681,453.154637705402,"prop_juguetes_comprados","Juguetes comprados","proporcion","porcentaje"
"AMBA","Segundo",233,0.9264774416284,609.693016267863,"prop_juguetes_comprados","Juguetes comprados","proporcion","porcentaje"
"AMBA","Medio",156,0.929841473299474,300.026205495926,"prop_juguetes_comprados","Juguetes comprados","proporcion","porcentaje"
"AMBA","Cuarto",158,0.957811853647207,224.069844892038,"prop_juguetes_comprados","Juguetes comprados","proporcion","porcentaje"
"AMBA","Más rico",210,0.97154644258937,319.652337025592,"prop_juguetes_comprados","Juguetes comprados","proporcion","porcentaje"
"Cuyo","Más pobre",158,0.886227616542886,84.7168544732338,"prop_juguetes_comprados","Juguetes comprados","proporcion","porcentaje"
"Cuyo","Segundo",187,0.945603080694859,93.3976431939389,"prop_juguetes_comprados","Juguetes comprados","proporcion","porcentaje"
"Cuyo","Medio",258,0.936810396766941,112.572624788041,"prop_juguetes_comprados","Juguetes comprados","proporcion","porcentaje"
"Cuyo","Cuarto",218,0.970004549925678,86.8581329022464,"prop_juguetes_comprados","Juguetes comprados","proporcion","porcentaje"
"Cuyo","Más rico",209,0.882245374995688,72.5058690416913,"prop_juguetes_comprados","Juguetes comprados","proporcion","porcentaje"
"NEA","Más pobre",662,0.87610967655728,386.626843039464,"prop_juguetes_comprados","Juguetes comprados","proporcion","porcentaje"
"NEA","Segundo",326,0.896879960718937,156.212177543902,"prop_juguetes_comprados","Juguetes comprados","proporcion","porcentaje"
"NEA","Medio",171,0.977531980072458,64.250803191633,"prop_juguetes_comprados","Juguetes comprados","proporcion","porcentaje"
"NEA","Cuarto",15,1,3.49509684219432,"prop_juguetes_comprados","Juguetes comprados","proporcion","porcentaje"
"NEA","Más rico",1,1,0.250470116448621,"prop_juguetes_comprados","Juguetes comprados","proporcion","porcentaje"
"NOA","Más pobre",339,0.862110781089663,331.892617543815,"prop_juguetes_comprados","Juguetes comprados","proporcion","porcentaje"
"NOA","Segundo",196,0.935726404182404,190.744546393161,"prop_juguetes_comprados","Juguetes comprados","proporcion","porcentaje"
"NOA","Medio",183,0.965543014669199,184.349375588006,"prop_juguetes_comprados","Juguetes comprados","proporcion","porcentaje"
"NOA","Cuarto",115,0.920362446773775,81.3446472429268,"prop_juguetes_comprados","Juguetes comprados","proporcion","porcentaje"
"NOA","Más rico",56,0.941841539986023,41.9573478743609,"prop_juguetes_comprados","Juguetes comprados","proporcion","porcentaje"
"Pampeana","Más pobre",302,0.957121882773158,660.917720887729,"prop_juguetes_comprados","Juguetes comprados","proporcion","porcentaje"
"Pampeana","Segundo",275,0.950359962150888,465.072149097583,"prop_juguetes_comprados","Juguetes comprados","proporcion","porcentaje"
"Pampeana","Medio",294,0.942618460233016,399.161896780804,"prop_juguetes_comprados","Juguetes comprados","proporcion","porcentaje"
"Pampeana","Cuarto",236,0.934218769970578,272.868288062226,"prop_juguetes_comprados","Juguetes comprados","proporcion","porcentaje"
"Pampeana","Más rico",293,0.971932531400493,261.69474780994,"prop_juguetes_comprados","Juguetes comprados","proporcion","porcentaje"
"Patagonia","Más pobre",37,0.783689663696018,18.0915269595773,"prop_juguetes_comprados","Juguetes comprados","proporcion","porcentaje"
"Patagonia","Segundo",58,0.935369587026663,31.1174914127922,"prop_juguetes_comprados","Juguetes comprados","proporcion","porcentaje"
"Patagonia","Medio",177,0.959643853324383,77.97698656067,"prop_juguetes_comprados","Juguetes comprados","proporcion","porcentaje"
"Patagonia","Cuarto",265,0.967912886175046,107.053012625576,"prop_juguetes_comprados","Juguetes comprados","proporcion","porcentaje"
"Patagonia","Más rico",176,0.980959518422662,62.9440919862088,"prop_juguetes_comprados","Juguetes comprados","proporcion","porcentaje"
"AMBA","Más pobre",188,0.778340636530463,453.154637705402,"prop_objetos_hogar","Objetos del hogar/exterior","proporcion","porcentaje"
"AMBA","Segundo",233,0.818585339943481,609.693016267863,"prop_objetos_hogar","Objetos del hogar/exterior","proporcion","porcentaje"
"AMBA","Medio",156,0.878165411928599,300.026205495926,"prop_objetos_hogar","Objetos del hogar/exterior","proporcion","porcentaje"
"AMBA","Cuarto",159,0.88047460168462,224.576736170186,"prop_objetos_hogar","Objetos del hogar/exterior","proporcion","porcentaje"
"AMBA","Más rico",210,0.859681416305153,319.652337025592,"prop_objetos_hogar","Objetos del hogar/exterior","proporcion","porcentaje"
"Cuyo","Más pobre",158,0.816477618032666,84.4183929393735,"prop_objetos_hogar","Objetos del hogar/exterior","proporcion","porcentaje"
"Cuyo","Segundo",187,0.814126314658654,93.3976431939389,"prop_objetos_hogar","Objetos del hogar/exterior","proporcion","porcentaje"
"Cuyo","Medio",258,0.838882367160846,112.572624788041,"prop_objetos_hogar","Objetos del hogar/exterior","proporcion","porcentaje"
"Cuyo","Cuarto",218,0.927171884686517,86.8581329022464,"prop_objetos_hogar","Objetos del hogar/exterior","proporcion","porcentaje"
"Cuyo","Más rico",209,0.836378832620612,72.5058690416913,"prop_objetos_hogar","Objetos del hogar/exterior","proporcion","porcentaje"
"NEA","Más pobre",662,0.771456127569332,386.626843039464,"prop_objetos_hogar","Objetos del hogar/exterior","proporcion","porcentaje"
"NEA","Segundo",326,0.729336125499348,156.212177543902,"prop_objetos_hogar","Objetos del hogar/exterior","proporcion","porcentaje"
"NEA","Medio",171,0.744870126205021,64.250803191633,"prop_objetos_hogar","Objetos del hogar/exterior","proporcion","porcentaje"
"NEA","Cuarto",15,0.676534714372635,3.49509684219432,"prop_objetos_hogar","Objetos del hogar/exterior","proporcion","porcentaje"
"NEA","Más rico",1,1,0.250470116448621,"prop_objetos_hogar","Objetos del hogar/exterior","proporcion","porcentaje"
"NOA","Más pobre",340,0.749284874569162,332.718667858755,"prop_objetos_hogar","Objetos del hogar/exterior","proporcion","porcentaje"
"NOA","Segundo",196,0.754934558080491,190.744546393161,"prop_objetos_hogar","Objetos del hogar/exterior","proporcion","porcentaje"
"NOA","Medio",183,0.809871760889877,184.349375588006,"prop_objetos_hogar","Objetos del hogar/exterior","proporcion","porcentaje"
"NOA","Cuarto",115,0.714119516493416,81.3446472429268,"prop_objetos_hogar","Objetos del hogar/exterior","proporcion","porcentaje"
"NOA","Más rico",56,0.672691537759986,41.9573478743609,"prop_objetos_hogar","Objetos del hogar/exterior","proporcion","porcentaje"
"Pampeana","Más pobre",302,0.885542343774392,660.917720887729,"prop_objetos_hogar","Objetos del hogar/exterior","proporcion","porcentaje"
"Pampeana","Segundo",275,0.762188496271606,465.072149097583,"prop_objetos_hogar","Objetos del hogar/exterior","proporcion","porcentaje"
"Pampeana","Medio",294,0.818043540054313,399.161896780804,"prop_objetos_hogar","Objetos del hogar/exterior","proporcion","porcentaje"
"Pampeana","Cuarto",236,0.774032361312724,272.868288062226,"prop_objetos_hogar","Objetos del hogar/exterior","proporcion","porcentaje"
"Pampeana","Más rico",293,0.888570372101909,261.69474780994,"prop_objetos_hogar","Objetos del hogar/exterior","proporcion","porcentaje"
"Patagonia","Más pobre",37,0.675418929689502,18.0915269595773,"prop_objetos_hogar","Objetos del hogar/exterior","proporcion","porcentaje"
"Patagonia","Segundo",58,0.922754760477371,31.1174914127922,"prop_objetos_hogar","Objetos del hogar/exterior","proporcion","porcentaje"
"Patagonia","Medio",177,0.808014083801629,77.97698656067,"prop_objetos_hogar","Objetos del hogar/exterior","proporcion","porcentaje"
"Patagonia","Cuarto",265,0.803264937050554,107.053012625576,"prop_objetos_hogar","Objetos del hogar/exterior","proporcion","porcentaje"
"Patagonia","Más rico",176,0.918900154566868,62.9440919862088,"prop_objetos_hogar","Objetos del hogar/exterior","proporcion","porcentaje"
