"region","sexo","quintil_riqueza","edad_grupo","n","peso_muestral","waz_medio","prop_bajo_peso"
"AMBA","Varón","Más pobre","0-5",7,25.6055712144923,-1.12987011398754,0.296071534323662
"AMBA","Varón","Más pobre","6-11",15,23.8736392529384,0.516139255200103,0
"AMBA","Varón","Más pobre","12-23",16,41.674300240621,0.409572103919345,0.0347358234429086
"AMBA","Varón","Más pobre","24-35",17,34.2359503162433,-0.0496143445463802,0.244767729380862
"AMBA","Varón","Más pobre","36-47",26,62.0507845259061,0.375523232873538,0
"AMBA","Varón","Más pobre","48-59",18,36.1189526070733,-0.185731293844511,0
"AMBA","Varón","Segundo","0-5",9,13.0980711738128,0.708215222126316,0
"AMBA","Varón","Segundo","6-11",13,37.1406936448452,-0.151487231287144,0
"AMBA","Varón","Segundo","12-23",33,91.5198687897992,0.39105941047786,0
"AMBA","Varón","Segundo","24-35",30,62.725197740813,0.108687798793337,0.101447654759467
"AMBA","Varón","Segundo","36-47",27,63.0996323792727,0.423614648408224,0.0712733478474716
"AMBA","Varón","Segundo","48-59",24,52.4626194703548,0.37813498250443,0.0302178788713598
"AMBA","Varón","Medio","0-5",3,9.1871301266968,-1.11768807692212,0
"AMBA","Varón","Medio","6-11",10,29.9290940612228,1.46099392960949,0
"AMBA","Varón","Medio","12-23",19,46.0845157605102,0.488220785983005,0
"AMBA","Varón","Medio","24-35",14,15.3370876556609,-0.280886037497457,0
"AMBA","Varón","Medio","36-47",20,45.058850610734,0.378654224443936,0
"AMBA","Varón","Medio","48-59",17,33.7868964611789,-0.486989753363773,0.252046796691225
"AMBA","Varón","Cuarto","0-5",3,9.98488217917444,-0.26159033532598,0
"AMBA","Varón","Cuarto","6-11",7,7.3732419002323,-0.150273664736234,0
"AMBA","Varón","Cuarto","12-23",17,20.4913785640465,0.723815394839366,0
"AMBA","Varón","Cuarto","24-35",17,18.4744755635867,0.166930940604268,0
"AMBA","Varón","Cuarto","36-47",20,27.6716822163736,0.6148303008591,0
"AMBA","Varón","Cuarto","48-59",21,33.4361850435481,0.173017209266994,0
"AMBA","Varón","Más rico","0-5",9,28.9206147504118,-2.37739078625344,0.488737630782305
"AMBA","Varón","Más rico","6-11",4,2.3545067657461,-0.801253085795977,0
"AMBA","Varón","Más rico","12-23",20,15.3768316138507,0.703386721020303,0
"AMBA","Varón","Más rico","24-35",14,15.570416440889,-0.23100409082351,0.0583899645152465
"AMBA","Varón","Más rico","36-47",30,60.0580172530012,0.454322943415585,0
"AMBA","Varón","Más rico","48-59",25,29.9597073132194,0.0385498910358592,0
"AMBA","Mujer","Más pobre","0-5",7,13.3599884438291,-0.0491894959609641,0
"AMBA","Mujer","Más pobre","6-11",7,20.1338264982817,1.01744881625741,0
"AMBA","Mujer","Más pobre","12-23",14,39.4706809660559,0.148806056038586,0
"AMBA","Mujer","Más pobre","24-35",21,47.66241798775,0.665437453021193,0
"AMBA","Mujer","Más pobre","36-47",14,33.4885676084749,-0.370231227887069,0
"AMBA","Mujer","Más pobre","48-59",24,73.1353997507451,-0.0430208799077805,0
"AMBA","Mujer","Segundo","0-5",3,17.5674751631297,0.087633312564889,0
"AMBA","Mujer","Segundo","6-11",5,17.1615243305239,0.48317021712396,0
"AMBA","Mujer","Segundo","12-23",17,50.7284681962342,0.420979392440818,0
"AMBA","Mujer","Segundo","24-35",24,57.1650033435655,0.0914038263459886,0
"AMBA","Mujer","Segundo","36-47",17,47.0743151508094,0.565629393699977,0
"AMBA","Mujer","Segundo","48-59",31,99.9501468847025,0.0605059586329463,0.00554966685190007
"AMBA","Mujer","Medio","0-5",4,3.42794238595573,-0.703127759552612,0.161594653248173
"AMBA","Mujer","Medio","6-11",11,18.4426498982271,0.537099408507554,0
"AMBA","Mujer","Medio","12-23",13,13.7815874022553,0.137521645124261,0
"AMBA","Mujer","Medio","24-35",12,23.2818879073327,0.398725994553748,0
"AMBA","Mujer","Medio","36-47",16,35.482469111506,-0.485774801278121,0.201317652624035
"AMBA","Mujer","Medio","48-59",15,20.3767205083212,0.847908164536708,0
"AMBA","Mujer","Cuarto","0-5",8,14.7475611185216,0.140122065820586,0
"AMBA","Mujer","Cuarto","6-11",3,7.79940269641489,0.830371177409628,0
"AMBA","Mujer","Cuarto","12-23",9,13.1654438790802,0.329053427783885,0.134985131306021
"AMBA","Mujer","Cuarto","24-35",14,12.2120288623721,0.241086124825797,0.0667881886776259
"AMBA","Mujer","Cuarto","36-47",15,24.9356188710622,0.232519387841878,0
"AMBA","Mujer","Cuarto","48-59",25,34.2848352757734,0.0680306260931903,0
"AMBA","Mujer","Más rico","0-5",10,9.59713580231594,0.129171663083516,0
"AMBA","Mujer","Más rico","6-11",8,15.9147366971064,1.1305605097517,0
"AMBA","Mujer","Más rico","12-23",20,26.6751968321593,0.146251708241339,0
"AMBA","Mujer","Más rico","24-35",22,32.8107399860493,0.551557590640644,0
"AMBA","Mujer","Más rico","36-47",26,50.8543388449587,0.396232978556591,0
"AMBA","Mujer","Más rico","48-59",22,31.5600947258844,-0.0520700581269456,0.0173901748008455
"Cuyo","Varón","Más pobre","0-5",3,1.24920875620253,0.232948710815549,0
"Cuyo","Varón","Más pobre","6-11",13,6.54081907122516,-0.107689999797171,0.0967439951437481
"Cuyo","Varón","Más pobre","12-23",15,6.78177691020194,-0.0424930995547589,0
"Cuyo","Varón","Más pobre","24-35",12,7.49834128828768,-0.186408673857201,0
"Cuyo","Varón","Más pobre","36-47",18,8.45902915639528,0.301716724804623,0.0405667089544056
"Cuyo","Varón","Más pobre","48-59",16,10.9804251351142,1.06527990868818,0
"Cuyo","Varón","Segundo","0-5",8,3.78669476871369,0.311546493752637,0
"Cuyo","Varón","Segundo","6-11",12,5.71970386535052,0.145865721178033,0.0731625075645057
"Cuyo","Varón","Segundo","12-23",13,5.22448460200989,0.263583651881258,0
"Cuyo","Varón","Segundo","24-35",18,9.23343989424155,0.094295333108558,0
"Cuyo","Varón","Segundo","36-47",32,15.3683855164601,0.508386202165141,0
"Cuyo","Varón","Segundo","48-59",17,11.0286631302874,0.0838678867878777,0
"Cuyo","Varón","Medio","0-5",3,0.659862429850725,-0.896111668625393,0
"Cuyo","Varón","Medio","6-11",10,2.91207067100101,0.0156276469582205,0
"Cuyo","Varón","Medio","12-23",29,12.7170180336503,0.380672113956713,0
"Cuyo","Varón","Medio","24-35",24,8.0830183618024,0.0500952174132208,0
"Cuyo","Varón","Medio","36-47",31,16.067770257218,0.785289569328208,0
"Cuyo","Varón","Medio","48-59",33,9.62089023296467,0.0276954347850589,0
"Cuyo","Varón","Cuarto","0-5",7,2.0827162885219,-0.56564734264089,0
"Cuyo","Varón","Cuarto","6-11",7,2.87581610552273,0.0443706626306843,0
"Cuyo","Varón","Cuarto","12-23",20,9.80177929209725,0.743516746357664,0
"Cuyo","Varón","Cuarto","24-35",30,10.8166853038823,0.288378330723843,0
"Cuyo","Varón","Cuarto","36-47",21,13.5574839246925,0.0523321898781622,0
"Cuyo","Varón","Cuarto","48-59",28,13.8540797180465,0.217766622473204,0
"Cuyo","Varón","Más rico","0-5",6,1.7997815606661,-0.0965990822895656,0.306262233179399
"Cuyo","Varón","Más rico","6-11",6,0.868449566669078,0.461122701433954,0
"Cuyo","Varón","Más rico","12-23",19,8.55973399741832,-0.00398465479015221,0.0287424090325565
"Cuyo","Varón","Más rico","24-35",24,6.40165389596,0.307502401419424,0.0169915067602022
"Cuyo","Varón","Más rico","36-47",20,6.11097482160664,0.32281080296795,0
"Cuyo","Varón","Más rico","48-59",25,7.58165385436118,0.392876033833596,0
"Cuyo","Mujer","Más pobre","0-5",5,3.34067966151022,0.0167756969703058,0
"Cuyo","Mujer","Más pobre","6-11",10,4.97311484998623,-0.01209125817464,0
"Cuyo","Mujer","Más pobre","12-23",16,6.21631531005203,-0.0806621384932173,0
"Cuyo","Mujer","Más pobre","24-35",14,9.00823844963296,0.0656617022569196,0
"Cuyo","Mujer","Más pobre","36-47",20,8.99062082479822,-0.0090546508480679,0
"Cuyo","Mujer","Más pobre","48-59",17,10.9388541712833,-0.440340638016201,0.0511050459730793
"Cuyo","Mujer","Segundo","0-5",4,1.87174328539819,-0.66784064399863,0.146771777177459
"Cuyo","Mujer","Segundo","6-11",11,4.95582294372526,0.124072863189753,0
"Cuyo","Mujer","Segundo","12-23",19,10.5281990182697,-0.110143882503705,0
"Cuyo","Mujer","Segundo","24-35",24,11.8592212415841,0.185715437867122,0
"Cuyo","Mujer","Segundo","36-47",13,6.43044533794016,0.183936949881382,0
"Cuyo","Mujer","Segundo","48-59",16,7.39083958995829,0.261400105105572,0.0240917954338295
"Cuyo","Mujer","Medio","0-5",13,9.56231530488856,0.0176722949329066,0.035666458126347
"Cuyo","Mujer","Medio","6-11",12,6.26065290180428,0.233034563345841,0
"Cuyo","Mujer","Medio","12-23",27,14.3684296348983,0.280890939518442,0
"Cuyo","Mujer","Medio","24-35",30,14.3702546778176,0.268091078857754,0
"Cuyo","Mujer","Medio","36-47",20,7.80528429472295,0.0358215377112066,0
"Cuyo","Mujer","Medio","48-59",26,10.145057987422,-0.510490504135438,0.0366794333363938
"Cuyo","Mujer","Cuarto","0-5",5,1.36613592604132,0.104126437853521,0
"Cuyo","Mujer","Cuarto","6-11",9,3.21303866795144,0.297402089827478,0
"Cuyo","Mujer","Cuarto","12-23",22,5.32466900078255,0.238740517789012,0.107405959645358
"Cuyo","Mujer","Cuarto","24-35",26,8.73583099389377,-0.0709899986558341,0.0617837306807924
"Cuyo","Mujer","Cuarto","36-47",26,11.0614911455732,0.408875037702538,0
"Cuyo","Mujer","Cuarto","48-59",17,4.16840653524083,0.0140267241259967,0.110620351331375
"Cuyo","Mujer","Más rico","0-5",10,6.55435382886108,0.197971065426239,0
"Cuyo","Mujer","Más rico","6-11",10,3.64523962509814,-0.141671225996373,0
"Cuyo","Mujer","Más rico","12-23",20,7.70223484973389,0.65730551709898,0
"Cuyo","Mujer","Más rico","24-35",28,10.2723598987436,0.287436847628809,0.0175086274497482
"Cuyo","Mujer","Más rico","36-47",18,4.58979171251439,-0.332914601564504,0.0338108787647424
"Cuyo","Mujer","Más rico","48-59",23,8.41964143005884,0.409510318544359,0
"NEA","Varón","Más pobre","0-5",22,12.275886670742,-0.390511937509046,0.130666684816253
"NEA","Varón","Más pobre","6-11",30,17.7387232049747,0.124078240334055,0
"NEA","Varón","Más pobre","12-23",77,49.1828350995478,-0.171731551319538,0.0249835458052145
"NEA","Varón","Más pobre","24-35",80,50.3428844479901,-0.0436374005130162,0
"NEA","Varón","Más pobre","36-47",75,44.5936808914911,0.111054922565073,0
"NEA","Varón","Más pobre","48-59",69,38.3447048466369,-0.226995530630791,0.134064508970148
"NEA","Varón","Segundo","0-5",8,5.93533296610934,-1.02859017984532,0
"NEA","Varón","Segundo","6-11",18,9.68942396152645,-0.214752073587706,0
"NEA","Varón","Segundo","12-23",34,17.5069963942393,0.398456736009249,0
"NEA","Varón","Segundo","24-35",39,11.8896133465849,0.347095616056071,0
"NEA","Varón","Segundo","36-47",27,14.3099124925908,0.414391486776399,0
"NEA","Varón","Segundo","48-59",45,17.7664567202122,-0.08958900092966,0.0362597868942119
"NEA","Varón","Medio","0-5",5,1.01428885015411,0.808547716370452,0
"NEA","Varón","Medio","6-11",9,4.61179014174559,-0.551766832214543,0
"NEA","Varón","Medio","12-23",16,7.06253975232634,0.353626532524723,0
"NEA","Varón","Medio","24-35",22,8.00751213367811,-0.344727579187431,0.0843822814484742
"NEA","Varón","Medio","36-47",14,5.32323154343818,0.233359456291284,0
"NEA","Varón","Medio","48-59",25,9.72902637079071,0.0354086479096087,0
"NEA","Varón","Cuarto","12-23",2,0.450038931894979,1.81355493409932,0
"NEA","Varón","Cuarto","36-47",2,0.558082095413862,-0.0161418910244772,0
"NEA","Varón","Cuarto","48-59",2,0.256008205057028,2.32392327618221,0
"NEA","Varón","Más rico","12-23",1,0.250470116448621,-1.11,0
"NEA","Mujer","Más pobre","0-5",29,25.3744075808923,-0.10940900934108,0.151214058966949
"NEA","Mujer","Más pobre","6-11",26,13.7588471348142,0.0775328260156663,0
"NEA","Mujer","Más pobre","12-23",60,34.3129763427293,0.23129225357223,0.0212739175778975
"NEA","Mujer","Más pobre","24-35",69,35.3111077950495,-0.0785336672564891,0.0860426882950917
"NEA","Mujer","Más pobre","36-47",54,26.3823356418312,-0.123387810065312,0.0265519741353149
"NEA","Mujer","Más pobre","48-59",69,38.265109127201,-0.132491911473257,0.0775909853588137
"NEA","Mujer","Segundo","0-5",11,8.19801053404142,-0.104348627753398,0
"NEA","Mujer","Segundo","6-11",17,10.8830218649479,1.12545500607371,0
"NEA","Mujer","Segundo","12-23",29,13.0473984683014,0.0643364572720017,0.0489538941943048
"NEA","Mujer","Segundo","24-35",28,14.4416241423366,-0.490464245777894,0.0848940215400438
"NEA","Mujer","Segundo","36-47",30,14.6172236051388,0.040636530038649,0
"NEA","Mujer","Segundo","48-59",40,18.1486389343573,0.0506285298747514,0
"NEA","Mujer","Medio","0-5",4,1.14913478565507,-0.930524630945775,0.257881124415513
"NEA","Mujer","Medio","6-11",5,1.59403776216689,0.48153839286457,0
"NEA","Mujer","Medio","12-23",14,3.49819179934539,-0.13165190257357,0
"NEA","Mujer","Medio","24-35",21,5.88470717378114,0.441443709207574,0.0233964183349763
"NEA","Mujer","Medio","36-47",20,8.26472242234444,0.458793216354342,0.0229767532636915
"NEA","Mujer","Medio","48-59",16,8.11162045620707,0.174112360684307,0
"NEA","Mujer","Cuarto","6-11",2,0.474026249157152,0.605333663474085,0
"NEA","Mujer","Cuarto","12-23",2,0.741793193834483,0.277326386242697,0
"NEA","Mujer","Cuarto","24-35",1,0.197222901960653,-1.64,0
"NEA","Mujer","Cuarto","36-47",3,0.578972354991607,-0.0368488979301801,0
"NEA","Mujer","Cuarto","48-59",1,0.238952909884559,0.22,0
"NOA","Varón","Más pobre","0-5",7,9.00192556174483,-0.51566678422207,0.156823434457351
"NOA","Varón","Más pobre","6-11",16,19.6056282803014,-0.137404122156985,0.118703381294412
"NOA","Varón","Más pobre","12-23",33,29.7691124231135,0.443907512699358,0.0314702665796084
"NOA","Varón","Más pobre","24-35",28,26.059654932292,0.311979769001142,0.0441116124222363
"NOA","Varón","Más pobre","36-47",42,39.5514546246651,0.300333513004256,0.0248372662494652
"NOA","Varón","Más pobre","48-59",36,36.6791530389019,0.374890134049321,0
"NOA","Varón","Segundo","0-5",6,5.81601160017604,-0.456410652475346,0
"NOA","Varón","Segundo","6-11",9,7.81691903922647,0.465288143558347,0
"NOA","Varón","Segundo","12-23",20,15.5048411385485,0.422462091679157,0
"NOA","Varón","Segundo","24-35",15,15.28641276221,-0.0165667965177518,0
"NOA","Varón","Segundo","36-47",20,15.6821825403318,-0.368496436660709,0.131365984684084
"NOA","Varón","Segundo","48-59",25,24.7377592772701,-0.0544276194278868,0.0207547828634873
"NOA","Varón","Medio","0-5",3,5.08015556399936,-1.17165148898855,0.577003116945219
"NOA","Varón","Medio","6-11",8,8.92726485500592,0.442705000665459,0
"NOA","Varón","Medio","12-23",20,15.3308585570538,0.543066729450155,0
"NOA","Varón","Medio","24-35",19,20.6995107644587,0.859407007838559,0.0551107756479554
"NOA","Varón","Medio","36-47",22,26.1965664315115,0.165396451829534,0
"NOA","Varón","Medio","48-59",25,26.7966252597083,0.220316444384343,0.0270003009966208
"NOA","Varón","Cuarto","0-5",6,2.34922877914288,-1.34278726859389,0.412526121444112
"NOA","Varón","Cuarto","6-11",6,3.78460607201138,-0.635817816650363,0
"NOA","Varón","Cuarto","12-23",14,6.46921806091337,0.727865852401602,0
"NOA","Varón","Cuarto","24-35",8,4.15349836126059,-0.202567449795269,0.0490457116791524
"NOA","Varón","Cuarto","36-47",17,12.8139238901684,-0.790096670518662,0.186713496504147
"NOA","Varón","Cuarto","48-59",17,13.8462539565794,0.266509126004509,0
"NOA","Varón","Más rico","0-5",2,4.61326803273352,-1.81197960242523,0.449787592826623
"NOA","Varón","Más rico","6-11",5,3.68893912042207,0.266203669783297,0
"NOA","Varón","Más rico","12-23",2,2.60004802321316,-0.0348793555325121,0
"NOA","Varón","Más rico","24-35",9,5.05980136025607,-0.414014156387593,0
"NOA","Varón","Más rico","36-47",10,7.5940793783419,0.21219033348995,0
"NOA","Varón","Más rico","48-59",5,2.01993106386314,-0.00137186807524614,0
"NOA","Mujer","Más pobre","0-5",16,21.2195888017004,-0.477601217431641,0.0450233555199452
"NOA","Mujer","Más pobre","6-11",20,17.76779142783,0.217402204705295,0.064901837895578
"NOA","Mujer","Más pobre","12-23",37,33.8099799140023,0.56049509849279,0.0514221734094354
"NOA","Mujer","Más pobre","24-35",38,41.1631036116116,0.502984836354992,0
"NOA","Mujer","Más pobre","36-47",28,22.7612907873914,0.0223976497715223,0
"NOA","Mujer","Más pobre","48-59",39,35.3299844552007,-0.0534574569536164,0
"NOA","Mujer","Segundo","0-5",9,9.7853523348524,0.170830453413801,0
"NOA","Mujer","Segundo","6-11",8,8.35479252066632,0.468528597355038,0
"NOA","Mujer","Segundo","12-23",14,15.5945101385813,-0.173526822604523,0
"NOA","Mujer","Segundo","24-35",23,22.570365678637,0.396706629603798,0.0621312134706832
"NOA","Mujer","Segundo","36-47",30,30.3127418307433,0.329137682412426,0.155930479317312
"NOA","Mujer","Segundo","48-59",17,19.2826575319182,0.248190466471532,0
"NOA","Mujer","Medio","0-5",5,6.11119424301442,-1.49391248107297,0.342152571453163
"NOA","Mujer","Medio","6-11",7,6.05856317224025,0.330802006502643,0
"NOA","Mujer","Medio","12-23",14,10.0069168759913,0.0291687597384451,0.0376368068160664
"NOA","Mujer","Medio","24-35",18,18.9267719731812,0.600419113566234,0.0466414782967166
"NOA","Mujer","Medio","36-47",18,19.6038113986432,0.127037224962856,0
"NOA","Mujer","Medio","48-59",24,20.611136493198,0.2424884010467,0
"NOA","Mujer","Cuarto","0-5",2,1.63089368277273,-0.683919982798729,0
"NOA","Mujer","Cuarto","6-11",5,4.28869310524603,1.20507550904752,0
"NOA","Mujer","Cuarto","12-23",12,8.50189003600413,0.751497989612218,0
"NOA","Mujer","Cuarto","24-35",13,13.1513145721547,0.477145196053437,0.0499357739323691
"NOA","Mujer","Cuarto","36-47",6,5.41049086636017,0.453206413978364,0
"NOA","Mujer","Cuarto","48-59",9,4.94463586031306,-0.706676140064441,0.17972278444799
"NOA","Mujer","Más rico","0-5",3,2.69298710448944,1.26305403372554,0
"NOA","Mujer","Más rico","6-11",2,0.421475809052532,1.53829978461412,0
"NOA","Mujer","Más rico","12-23",5,3.2762439444615,1.03511610483024,0
"NOA","Mujer","Más rico","24-35",7,4.21807956876534,-0.346980145768922,0
"NOA","Mujer","Más rico","36-47",2,3.81205191030317,1.39127412478549,0
"NOA","Mujer","Más rico","48-59",4,1.96044255845904,0.307977819086296,0
"Pampeana","Varón","Más pobre","0-5",15,24.3948167286855,-0.59424419852471,0.120825177496864
"Pampeana","Varón","Más pobre","6-11",5,14.9928436394273,0.959041906611069,0
"Pampeana","Varón","Más pobre","12-23",24,46.1483616052936,-0.0292199883478975,0.0117547644196869
"Pampeana","Varón","Más pobre","24-35",31,68.5777217238463,0.558791403320296,0.0577812508830262
"Pampeana","Varón","Más pobre","36-47",43,86.6441738522187,0.133380898018251,0.0150895044653308
"Pampeana","Varón","Más pobre","48-59",37,85.9367133997631,-0.206544783731147,0.138149135124229
"Pampeana","Varón","Segundo","0-5",9,15.7710432294011,-0.428674442486509,0.0459801433739897
"Pampeana","Varón","Segundo","6-11",13,23.1474677581009,0.40469010624575,0.056106337525048
"Pampeana","Varón","Segundo","12-23",39,74.2432920165278,0.579633687279873,0
"Pampeana","Varón","Segundo","24-35",28,42.4652677187338,0.0789178446186174,0.0273201640692532
"Pampeana","Varón","Segundo","36-47",29,37.9862218978568,-0.0282326311718214,0.0295512230183274
"Pampeana","Varón","Segundo","48-59",27,52.889415944889,-0.11631042956101,0.0238197145346847
"Pampeana","Varón","Medio","0-5",14,25.4223022086375,-0.296529699637007,0.0199868738515852
"Pampeana","Varón","Medio","6-11",12,10.3834105154891,1.05057029861289,0.0770357065303545
"Pampeana","Varón","Medio","12-23",32,58.017441774184,-0.0906088548069846,0.105642480686963
"Pampeana","Varón","Medio","24-35",29,45.4112809888222,0.506032193200584,0
"Pampeana","Varón","Medio","36-47",34,53.2534723315472,0.448511093780929,0
"Pampeana","Varón","Medio","48-59",42,51.3456423956896,0.413524465328244,0
"Pampeana","Varón","Cuarto","0-5",7,14.8175303246837,-0.334005808685834,0.0706095984115991
"Pampeana","Varón","Cuarto","6-11",12,8.9138722961665,0.320639522177278,0
"Pampeana","Varón","Cuarto","12-23",16,22.6639156448268,0.45614976868567,0.126960992266645
"Pampeana","Varón","Cuarto","24-35",26,28.032031304408,0.142813479131546,0.0358774288834277
"Pampeana","Varón","Cuarto","36-47",22,35.0835197233424,0.389296195079716,0
"Pampeana","Varón","Cuarto","48-59",25,29.7375825255444,1.3996082553949,0
"Pampeana","Varón","Más rico","0-5",6,3.54649495671553,-1.2000596202379,0.451225854503397
"Pampeana","Varón","Más rico","6-11",12,8.29796974068047,0.673414233906157,0
"Pampeana","Varón","Más rico","12-23",34,31.1068093392878,0.700272996395109,0
"Pampeana","Varón","Más rico","24-35",35,35.9597849939459,0.293899096876175,0.0118149868726928
"Pampeana","Varón","Más rico","36-47",27,21.8547078171704,0.212941915983359,0
"Pampeana","Varón","Más rico","48-59",38,26.3889059953339,0.267643091073666,0.0199140323342631
"Pampeana","Mujer","Más pobre","0-5",8,5.95220521818871,-0.708928836236285,0
"Pampeana","Mujer","Más pobre","6-11",7,26.7943196501069,0.524592626246231,0
"Pampeana","Mujer","Más pobre","12-23",40,92.7980863985478,0.055567357423922,0.0755132879790518
"Pampeana","Mujer","Más pobre","24-35",32,57.7752009780153,0.167631319386239,0.037289304599562
"Pampeana","Mujer","Más pobre","36-47",22,48.5759047693827,-0.457608677576427,0.0094392035572164
"Pampeana","Mujer","Más pobre","48-59",35,97.4883341889719,0.0388530736944542,0.131621091881095
"Pampeana","Mujer","Segundo","0-5",9,21.9858180138214,0.327809064596899,0.0256364466229836
"Pampeana","Mujer","Segundo","6-11",11,15.1330685172596,0.638342455552606,0
"Pampeana","Mujer","Segundo","12-23",26,46.1392878357937,0.485492612866329,0.0481710453547218
"Pampeana","Mujer","Segundo","24-35",30,50.7775684769529,0.951457607787173,0
"Pampeana","Mujer","Segundo","36-47",28,53.4876383310741,-0.425639686739283,0.142881126205211
"Pampeana","Mujer","Segundo","48-59",23,29.1376368586032,-0.0736473903012075,0
"Pampeana","Mujer","Medio","0-5",7,6.37845240348931,0.453472138877459,0
"Pampeana","Mujer","Medio","6-11",8,12.3143909749664,-0.838914856875532,0.0419925754746775
"Pampeana","Mujer","Medio","12-23",28,36.5749655634616,0.365215888339336,0.0148128064192962
"Pampeana","Mujer","Medio","24-35",34,33.7789095051115,0.313475120465794,0.00708318896828768
"Pampeana","Mujer","Medio","36-47",31,37.3255664804395,0.0578508646738708,0
"Pampeana","Mujer","Medio","48-59",23,28.9560616389664,0.441058169473518,0
"Pampeana","Mujer","Cuarto","0-5",8,9.70194622068522,-0.677520633710647,0
"Pampeana","Mujer","Cuarto","6-11",14,14.3837857375813,0.688220803930379,0
"Pampeana","Mujer","Cuarto","12-23",22,26.7214033378055,0.733278682902037,0.0214851540592966
"Pampeana","Mujer","Cuarto","24-35",28,28.1344315526618,0.485224040652347,0.171300829980388
"Pampeana","Mujer","Cuarto","36-47",27,24.2975594259953,0.685374352283832,0.105592070848706
"Pampeana","Mujer","Cuarto","48-59",28,29.9452902845891,0.445027170939751,0
"Pampeana","Mujer","Más rico","0-5",5,5.9730477589862,-1.78177646192704,0.80567060206832
"Pampeana","Mujer","Más rico","6-11",15,17.3801405987151,0.483709026940706,0
"Pampeana","Mujer","Más rico","12-23",30,21.3862281858176,0.250011104496817,0.033306422136566
"Pampeana","Mujer","Más rico","24-35",26,21.7973320283802,0.448123085299769,0.0635575041353857
"Pampeana","Mujer","Más rico","36-47",33,31.7820044287636,0.0764537772394668,0
"Pampeana","Mujer","Más rico","48-59",33,36.5054771342199,0.134306747520058,0.0161643877360161
"Patagonia","Varón","Más pobre","0-5",1,1.13602066100936,-2.29,1
"Patagonia","Varón","Más pobre","6-11",5,3.52015595389027,-0.538595172259454,0
"Patagonia","Varón","Más pobre","12-23",4,1.00977573442312,-0.581021548336531,0.326038183358273
"Patagonia","Varón","Más pobre","24-35",2,0.686690012414952,-0.260712328291295,0
"Patagonia","Varón","Más pobre","36-47",6,5.12759254845275,0.330485806910526,0
"Patagonia","Varón","Más pobre","48-59",5,1.18255205835839,-0.05758689061649,0
"Patagonia","Varón","Segundo","0-5",3,1.51550285269892,-0.362035828984686,0
"Patagonia","Varón","Segundo","6-11",2,0.46197701457882,1.17841579222629,0
"Patagonia","Varón","Segundo","12-23",4,1.80873725135837,0.895220045779637,0
"Patagonia","Varón","Segundo","24-35",8,4.15732466918825,0.786324695613701,0
"Patagonia","Varón","Segundo","36-47",10,4.87745702556709,-0.181414039915592,0.0207835845221641
"Patagonia","Varón","Segundo","48-59",6,2.29212141234013,0.841296896652295,0
"Patagonia","Varón","Medio","0-5",6,3.41494622892789,1.01469492584247,0
"Patagonia","Varón","Medio","6-11",8,3.4775777484449,-0.121128583070994,0
"Patagonia","Varón","Medio","12-23",27,15.5626349910979,0.344749824777416,0
"Patagonia","Varón","Medio","24-35",20,5.78644973127664,0.744954183479324,0
"Patagonia","Varón","Medio","36-47",20,6.58383434263212,-0.141656809481172,0.0683431098184095
"Patagonia","Varón","Medio","48-59",16,7.06654394504876,0.218964298660318,0
"Patagonia","Varón","Cuarto","0-5",6,1.13876352077984,0.36859530916904,0
"Patagonia","Varón","Cuarto","6-11",16,8.77681071723313,0.219780526690602,0.0458283752579509
"Patagonia","Varón","Cuarto","12-23",18,8.04580480818695,1.17415959133238,0
"Patagonia","Varón","Cuarto","24-35",21,11.8747134974787,0.866013813948367,0
"Patagonia","Varón","Cuarto","36-47",27,14.0311940204806,1.59060913349734,0
"Patagonia","Varón","Cuarto","48-59",37,13.6552356316282,-0.0202620787665749,0.0282268373474438
"Patagonia","Varón","Más rico","0-5",3,1.11640884057727,-0.599321774107388,0
"Patagonia","Varón","Más rico","6-11",5,1.05405482794662,0.915976095117809,0
"Patagonia","Varón","Más rico","12-23",22,8.9856077453956,1.32038043262456,0.0192399865077615
"Patagonia","Varón","Más rico","24-35",21,6.73832970792312,0.71704295225657,0
"Patagonia","Varón","Más rico","36-47",21,6.40604944005077,0.920123294632821,0
"Patagonia","Varón","Más rico","48-59",22,6.18198876855642,0.161379018748141,0.0217644052502572
"Patagonia","Mujer","Más pobre","0-5",2,0.534603029308248,-1.27668130377482,0
"Patagonia","Mujer","Más pobre","6-11",2,0.496185746703773,-0.122858331723063,0
"Patagonia","Mujer","Más pobre","12-23",1,0.144537203621474,-0.39,0
"Patagonia","Mujer","Más pobre","24-35",4,2.16262772436323,0.802537794194722,0
"Patagonia","Mujer","Más pobre","36-47",4,1.78678501468123,-0.420864921135062,0
"Patagonia","Mujer","Más pobre","48-59",1,0.304001272350458,0.85,0
"Patagonia","Mujer","Segundo","0-5",2,0.640444498253605,0.86420874963561,0
"Patagonia","Mujer","Segundo","12-23",1,0.213929060856381,1.37,0
"Patagonia","Mujer","Segundo","24-35",7,7.9250841140431,1.13151475611212,0
"Patagonia","Mujer","Segundo","36-47",4,2.00466926242618,-0.586215013806157,0
"Patagonia","Mujer","Segundo","48-59",11,5.22024425148139,0.508425664082354,0.0424881069425464
"Patagonia","Mujer","Medio","0-5",7,3.15700197180313,0.570592106873835,0
"Patagonia","Mujer","Medio","6-11",4,1.77701460675501,1.69180726015708,0
"Patagonia","Mujer","Medio","12-23",14,4.57687108829229,1.03724374151842,0
"Patagonia","Mujer","Medio","24-35",13,6.97996045284817,0.498809193112927,0
"Patagonia","Mujer","Medio","36-47",23,10.914866076966,-0.663556375970779,0.0292103386522812
"Patagonia","Mujer","Medio","48-59",19,8.67928537657719,-0.119215456924197,0
"Patagonia","Mujer","Cuarto","0-5",9,3.43640118921518,-0.159419006028419,0.0287633566492116
"Patagonia","Mujer","Cuarto","6-11",9,4.74547372214306,1.00642350860836,0
"Patagonia","Mujer","Cuarto","12-23",25,10.3528174633338,0.120275459821609,0
"Patagonia","Mujer","Cuarto","24-35",23,6.13179612216996,-0.0547592485243396,0
"Patagonia","Mujer","Cuarto","36-47",41,13.5775923502227,0.299631607478402,0.00753860039838086
"Patagonia","Mujer","Cuarto","48-59",33,11.2864095827037,0.41056543627604,0.01214213706184
"Patagonia","Mujer","Más rico","0-5",3,0.615825957184686,-0.55916104587708,0
"Patagonia","Mujer","Más rico","6-11",9,5.41402869886758,1.21462497331594,0
"Patagonia","Mujer","Más rico","12-23",13,5.52987430172527,0.748217959551902,0
"Patagonia","Mujer","Más rico","24-35",18,5.83451345831664,0.127713151007332,0
"Patagonia","Mujer","Más rico","36-47",16,6.16159582474137,-0.110123291997641,0.025319718386192
"Patagonia","Mujer","Más rico","48-59",23,8.90581441492349,-0.472595167392633,0.221725895454778
